TTitle	TDescription	327	333	true	true	0	1	GTitle	0
TTitle	TDescription	328	333	true	true	0	2	GTitle	0
TTitle	TDescription	329	333	true	true	0	3	GTitle	0
TTitle	TDescription	330	333	true	true	0	4	GTitle	0
TTitle	TDescription	331	333	true	true	0	5	GTitle	0
TTitle	TDescription	332	333	true	true	0	6	GTitle	0
TTitle	TDescription	333	333	true	true	0	7	GTitle	0
TTitle	TDescription	327	333	true	true	0	1	GTitle	0
TTitle	TDescription	328	333	true	true	0	2	GTitle	0
TTitle	TDescription	329	333	true	true	0	3	GTitle	0
TTitle	TDescription	330	333	true	true	0	4	GTitle	0
TTitle	TDescription	331	333	true	true	0	5	GTitle	0
TTitle	TDescription	332	333	true	true	0	6	GTitle	0
TTitle	TDescription	333	333	true	true	0	7	GTitle	0
TTitle1	TDescription1	307	334	false	true	0	1	GTitle	0
TTitle1	TDescription1	308	334	false	true	0	2	GTitle	0
TTitle1	TDescription1	309	334	false	true	0	3	GTitle	0
TTitle1	TDescription1	310	334	false	true	0	4	GTitle	0
TTitle1	TDescription1	311	334	false	true	0	5	GTitle	0
TTitle1	TDescription1	312	334	false	true	0	6	GTitle	0
TTitle1	TDescription1	313	334	false	true	0	7	GTitle	0
TTitle1	TDescription1	314	334	false	true	0	8	GTitle	0
TTitle1	TDescription1	315	334	false	true	0	9	GTitle	0
TTitle1	TDescription1	316	334	false	true	0	10	GTitle	0
TTitle1	TDescription1	317	334	false	true	0	11	GTitle	0
TTitle1	TDescription1	318	334	false	true	0	12	GTitle	0
TTitle1	TDescription1	319	334	false	true	0	13	GTitle	0
TTitle1	TDescription1	320	334	false	true	0	14	GTitle	0
TTitle1	TDescription1	321	334	false	true	0	15	GTitle	0
TTitle1	TDescription1	322	334	false	true	0	16	GTitle	0
TTitle1	TDescription1	323	334	false	true	0	17	GTitle	0
TTitle1	TDescription1	324	334	false	true	0	18	GTitle	0
TTitle1	TDescription1	325	334	false	true	0	19	GTitle	0
TTitle1	TDescription1	326	334	false	true	0	20	GTitle	0
TTitle1	TDescription1	327	334	false	true	0	21	GTitle	0
TTitle1	TDescription1	328	334	false	true	0	22	GTitle	0
TTitle1	TDescription1	329	334	false	true	0	23	GTitle	0
TTitle1	TDescription1	330	334	false	true	0	24	GTitle	0
TTitle1	TDescription1	331	334	false	true	0	25	GTitle	0
TTitle1	TDescription1	332	334	false	true	0	26	GTitle	0
TTitle1	TDescription1	333	334	false	true	0	27	GTitle	0
TTitle1	TDescription1	334	334	false	true	0	28	GTitle	0
TTitle	TDescription	327	333	true	true	0	1	GTitle	0
TTitle	TDescription	328	333	true	true	0	2	GTitle	0
TTitle	TDescription	329	333	true	true	0	3	GTitle	0
TTitle	TDescription	330	333	true	true	0	4	GTitle	0
TTitle	TDescription	331	333	true	true	0	5	GTitle	0
TTitle	TDescription	332	333	true	true	0	6	GTitle	0
TTitle	TDescription	333	333	true	true	0	7	GTitle	0
TTitle1	TDescription1	307	334	false	true	0	1	GTitle	0
TTitle1	TDescription1	308	334	false	true	0	2	GTitle	0
TTitle1	TDescription1	309	334	false	true	0	3	GTitle	0
TTitle1	TDescription1	310	334	false	true	0	4	GTitle	0
TTitle1	TDescription1	311	334	false	true	0	5	GTitle	0
TTitle1	TDescription1	312	334	false	true	0	6	GTitle	0
TTitle1	TDescription1	313	334	false	true	0	7	GTitle	0
TTitle1	TDescription1	314	334	false	true	0	8	GTitle	0
TTitle1	TDescription1	315	334	false	true	0	9	GTitle	0
TTitle1	TDescription1	316	334	false	true	0	10	GTitle	0
TTitle1	TDescription1	317	334	false	true	0	11	GTitle	0
TTitle1	TDescription1	318	334	false	true	0	12	GTitle	0
TTitle1	TDescription1	319	334	false	true	0	13	GTitle	0
TTitle1	TDescription1	320	334	false	true	0	14	GTitle	0
TTitle1	TDescription1	321	334	false	true	0	15	GTitle	0
TTitle1	TDescription1	322	334	false	true	0	16	GTitle	0
TTitle1	TDescription1	323	334	false	true	0	17	GTitle	0
TTitle1	TDescription1	324	334	false	true	0	18	GTitle	0
TTitle1	TDescription1	325	334	false	true	0	19	GTitle	0
TTitle1	TDescription1	326	334	false	true	0	20	GTitle	0
TTitle1	TDescription1	327	334	false	true	0	21	GTitle	0
TTitle1	TDescription1	328	334	false	true	0	22	GTitle	0
TTitle1	TDescription1	329	334	false	true	0	23	GTitle	0
TTitle1	TDescription1	330	334	false	true	0	24	GTitle	0
TTitle1	TDescription1	331	334	false	true	0	25	GTitle	0
TTitle1	TDescription1	332	334	false	true	0	26	GTitle	0
TTitle1	TDescription1	333	334	false	true	0	27	GTitle	0
TTitle1	TDescription1	334	334	false	true	0	28	GTitle	0
TTitle3	TDescription3	306	334	true	false	1	1	GTitle2	0
TTitle3	TDescription3	307	334	true	false	1	2	GTitle2	0
TTitle3	TDescription3	308	334	true	false	1	3	GTitle2	0
TTitle3	TDescription3	309	334	true	false	1	4	GTitle2	0
TTitle3	TDescription3	310	334	true	false	1	5	GTitle2	0
TTitle3	TDescription3	311	334	true	false	1	6	GTitle2	0
TTitle3	TDescription3	312	334	true	false	1	7	GTitle2	0
TTitle3	TDescription3	313	334	true	false	1	8	GTitle2	0
TTitle3	TDescription3	314	334	true	false	1	9	GTitle2	0
TTitle3	TDescription3	315	334	true	false	1	10	GTitle2	0
TTitle3	TDescription3	316	334	true	false	1	11	GTitle2	0
TTitle3	TDescription3	317	334	true	false	1	12	GTitle2	0
TTitle3	TDescription3	318	334	true	false	1	13	GTitle2	0
TTitle3	TDescription3	319	334	true	false	1	14	GTitle2	0
TTitle3	TDescription3	320	334	true	false	1	15	GTitle2	0
TTitle3	TDescription3	321	334	true	false	1	16	GTitle2	0
TTitle3	TDescription3	322	334	true	false	1	17	GTitle2	0
TTitle3	TDescription3	323	334	true	false	1	18	GTitle2	0
TTitle3	TDescription3	324	334	true	false	1	19	GTitle2	0
TTitle3	TDescription3	325	334	true	false	1	20	GTitle2	0
TTitle3	TDescription3	326	334	true	false	1	21	GTitle2	0
TTitle3	TDescription3	327	334	true	false	1	22	GTitle2	0
TTitle3	TDescription3	328	334	true	false	1	23	GTitle2	0
TTitle3	TDescription3	329	334	true	false	1	24	GTitle2	0
TTitle3	TDescription3	330	334	true	false	1	25	GTitle2	0
TTitle3	TDescription3	331	334	true	false	1	26	GTitle2	0
TTitle3	TDescription3	332	334	true	false	1	27	GTitle2	0
TTitle3	TDescription3	333	334	true	false	1	28	GTitle2	0
TTitle3	TDescription3	334	334	true	false	1	29	GTitle2	0
